﻿<?xml version="1.0" encoding="utf-8" ?>
<Advertisements xmlns="http://schemas.microsoft.com/AspNet/AdRotator-Schedule-File">
    <Ad>
        <ImageUrl>book1.jpg</ImageUrl>
        <NavigateUrl>http://www.wrox.com</NavigateUrl>
        <AlternateText>Beginning ASP.NET</AlternateText>
        <Impressions>50</Impressions>
        <Keyword>ASP.NET</Keyword>
    </Ad>
    <Ad>
        <ImageUrl>book2.jpg</ImageUrl>
        <NavigateUrl>http://www.wrox.com</NavigateUrl>
        <AlternateText>Beginning Visual C#</AlternateText>
        <Impressions>50</Impressions>
        <Keyword>C#</Keyword>
    </Ad>
</Advertisements>