﻿<?xml version="1.0"?>
<configuration>
    <system.web>
        <authentication mode="Forms" />
        <membership defaultProvider="JasonsSqlMembershipProvider">
            <providers>
                <add connectionStringName="LocalSqlServer"
                     enablePasswordRetrieval="false"
                     enablePasswordReset="true"
                     requiresQuestionAndAnswer="true"
                     applicationName="/" requiresUniqueEmail="false"
                     passwordFormat="Hashed" maxInvalidPasswordAttempts="5"
                     passwordStrengthRegularExpression="(?=^.{8,}$)(?=.*\d)(?=.*\W+)(?![.\n])(?=.*[A-Z])(?=.*[a-z]).*$"
                     passwordAttemptWindow="10"
                     name="JasonsSqlMembershipProvider"
                     type="System.Web.Security.SqlMembershipProvider, 
                         System.Web, Version=4.0.0.0, Culture=neutral, 
                         PublicKeyToken=b03f5f7f11d50a3a" />
            </providers>
        </membership>
    </system.web>
</configuration>