﻿<?xml version="1.0"?>
<configuration>
    <system.web>
        <authentication mode="Forms" />
        <membership>
            <providers>
                <clear />
                <add connectionStringName="LocalSqlServer"
                     enablePasswordRetrieval="false"
                     enablePasswordReset="true"
                     requiresQuestionAndAnswer="true"
                     applicationName="/" requiresUniqueEmail="false"
                     passwordFormat="Hashed" maxInvalidPasswordAttempts="5"
                     minRequiredPasswordLength="4"
                     minRequiredNonalphanumericCharacters="0"
                     passwordAttemptWindow="10"
                     name="AspNetSqlMembershipProvider"
                     type="System.Web.Security.SqlMembershipProvider, 
                         System.Web, Version=4.0.0.0, Culture=neutral, 
                         PublicKeyToken=b03f5f7f11d50a3a" />
            </providers>
        </membership>
    </system.web>
</configuration>